	Isoelectric_Point	Isoelectric_Point	Isoelectric_Point	Isoelectric_Point	Isoelectric_Point	Isoelectric_Point	Amphipathicity	Amphipathicity	Amphipathicity	Amphipathicity	Amphipathicity	Amphipathicity	Net_Charge	Net_Charge	Net_Charge	Net_Charge	Net_Charge	Net_Charge	Molecular_Weight	Molecular_Weight	Molecular_Weight	Molecular_Weight	Molecular_Weight	Molecular_Weight
	count	mean	std	min	median	max	count	mean	std	min	median	max	count	mean	std	min	median	max	count	mean	std	min	median	max
CLUSTER																								
0	154	10.839415584415585	0.6696582261767996	8.39	11.0	11.17	154	13.374415584415583	0.7249926634859689	8.65	13.56	13.57	154	3.353831168831169	0.7826243750907628	1.99	2.99	8.03	154	2149.909675324675	368.73004018016553	502.53	2157.7	4803.5
1	16	4.789375	0.795524722012668	4.21	4.37	6.27	16	7.4818750000000005	1.344129055063786	6.69	6.75	10.58	16	0.230625	0.43174790097926363	-0.01	-0.01	0.99	16	2113.278125	797.442017505296	863.04	2026.9250000000002	3855.29
2	2	7.04	0.014142135623730649	7.03	7.04	7.05	2	9.370000000000001	0.04242640687119383	9.34	9.370000000000001	9.4	2	1.1150000000000002	0.007071067811865403	1.11	1.1150000000000002	1.12	2	8819.474999999999	245.61354044514817	8645.8	8819.474999999999	8993.15
