CLUSTER	Isoelectric_Point	Amphipathicity	Net_Charge	Molecular_Weight
0	10.839415584415585	13.374415584415583	3.353831168831169	2149.909675324675
1	4.789375	7.4818750000000005	0.230625	2113.278125
2	7.04	9.370000000000001	1.1150000000000002	8819.474999999999
