	count	mean	std	min	25%	50%	75%	max
Isoelectric_Point	172.0	10.232441860465116	1.9182959885075097	4.21	11.0	11.0	11.17	11.17
Amphipathicity	172.0	12.77970930232558	1.9259873832351024	6.69	13.56	13.56	13.57	13.57
Net_Charge	172.0	3.0372674418604655	1.1978724211756864	-0.01	2.99	2.99	3.99	8.03
Molecular_Weight	172.0	2224.0551744186055	832.25645574288	502.53	2143.63	2157.7	2187.73	8993.15
